{
  "log": {
    "access": "/var/log/xray/access.log",
    "error": "/var/log/xray/error.log",
    "loglevel": "info"
  },
  "inbounds": [
    {
      "port": 23450,
      "listen":"127.0.0.1",
      "protocol": "vmess",
      "settings": {
        "clients": [
          {
            "id": "8c5fe0be-265d-4058-9374-6373b656f368",
            "alterId": 0,
            "email": "p0t4t0"
#grpcvmess
          }
        ]
      },
      "streamSettings": {
        "network": "grpc",
        "grpcSettings": {
            "serviceName": "vmess"
        }
      }
    },
    {
      "listen": "127.0.0.1",
      "port": 10005,
      "protocol": "dokodemo-door",
        "settings": {
          "address": "127.0.0.1"
        },
      "tag": "api"
    }
  ]
}
