{
  "log": {
    "access": "/var/log/xray/access3.log",
    "error": "/var/log/xray/error3.log",
    "loglevel": "info"
  },
  "inbounds": [
    {
      "listen": "127.0.0.1",
      "port": 23452,
      "protocol": "trojan",
      "settings": {
        "clients": [
          {
            "password":"potato",
            "email": "p0t4t0"
#grpctrojan
          }
        ]
      },
      "streamSettings": {
        "network": "grpc",
        "grpcSettings": {
            "serviceName": "trojan"
          }
        }
      },
    {
      "listen": "127.0.0.1",
      "port": 10007,
      "protocol": "dokodemo-door",
        "settings": {
          "address": "127.0.0.1"
        },
      "tag": "api"
    }
  ]
}
