{
  "log": {
    "access": "/var/log/xray/access2.log",
    "error": "/var/log/xray/error2.log",
    "loglevel": "info"
  },
  "inbounds": [
    {
      "port": 23451,
      "listen":"127.0.0.1",
      "protocol": "vless",
        "settings": {
          "clients": [
            {
            "id": "8c5fe0be-265d-4058-9374-6373b656f368",
            "email": "p0t4t0"
#grpcvless
            }
          ],
          "decryption": "none"
        },
        "streamSettings": {
          "network": "grpc",
          "grpcSettings": {
            "serviceName": "vless"
          }
        }
      },
    {
      "listen": "127.0.0.1",
      "port": 10006,
      "protocol": "dokodemo-door",
        "settings": {
          "address": "127.0.0.1"
        },
      "tag": "api"
    }
  ]
}
